{
  "properties": {
    "connectionReferences": {
      "shared_commondataserviceforapps": {
        "runtimeSource": "embedded",
        "connection": {
          "connectionReferenceLogicalName": "bsc_sharedcommondataserviceforapps_314b5"
        },
        "api": {
          "name": "shared_commondataserviceforapps"
        }
      },
      "shared_approvals": {
        "runtimeSource": "embedded",
        "connection": {
          "connectionReferenceLogicalName": "bsc_sharedapprovals_f0d36"
        },
        "api": {
          "name": "shared_approvals"
        }
      }
    },
    "definition": {
      "$schema": "https://schema.management.azure.com/providers/Microsoft.Logic/schemas/2016-06-01/workflowdefinition.json#",
      "contentVersion": "1.0.0.0",
      "parameters": {
        "$connections": {
          "defaultValue": {},
          "type": "Object"
        },
        "$authentication": {
          "defaultValue": {},
          "type": "SecureObject"
        },
        "Env Var Pub Name (bsc_EnvVarPublisherName)": {
          "defaultValue": "bsc",
          "type": "String",
          "metadata": {
            "schemaName": "bsc_EnvVarPublisherName",
            "description": "Environment Variable for Publisher Name"
          }
        },
        "Env Var Pending Apprv (bsc_EnvVarPendingApproval)": {
          "defaultValue": "760660001",
          "type": "String",
          "metadata": {
            "schemaName": "bsc_EnvVarPendingApproval",
            "description": "Environment Variable for Pending Approval Stamp Status GUID"
          }
        }
      },
      "triggers": {
        "When_Approval_Status_is_set_to_Pending": {
          "metadata": {
            "operationMetadataId": "8098909c-8af6-425f-8320-36737213602a"
          },
          "type": "OpenApiConnectionWebhook",
          "inputs": {
            "host": {
              "connectionName": "shared_commondataserviceforapps",
              "operationId": "SubscribeWebhookTrigger",
              "apiId": "/providers/Microsoft.PowerApps/apis/shared_commondataserviceforapps"
            },
            "parameters": {
              "subscriptionRequest/message": 4,
              "subscriptionRequest/entityname": "bsc_initiativeapprovalstamp",
              "subscriptionRequest/scope": 4,
              "subscriptionRequest/filterexpression": "@{parameters('Env Var Pub Name (bsc_EnvVarPublisherName)')}_approvalstatus eq @{parameters('Env Var Pending Apprv (bsc_EnvVarPendingApproval)')}"
            },
            "authentication": "@parameters('$authentication')"
          }
        }
      },
      "actions": {
        "Get_Approvers_Info": {
          "actions": {
            "Get_Main_Approver": {
              "runAfter": {},
              "metadata": {
                "operationMetadataId": "2857df82-9bbd-40ce-838d-ccb6439ac055"
              },
              "type": "OpenApiConnection",
              "inputs": {
                "host": {
                  "connectionName": "shared_commondataserviceforapps",
                  "operationId": "GetItem",
                  "apiId": "/providers/Microsoft.PowerApps/apis/shared_commondataserviceforapps"
                },
                "parameters": {
                  "entityName": "systemusers",
                  "recordId": "@triggerOutputs()?['body/_bsc_mainapprover_value']"
                },
                "authentication": "@parameters('$authentication')"
              }
            }
          },
          "runAfter": {
            "Get_Details_about_Initiative": [
              "Succeeded"
            ]
          },
          "metadata": {
            "operationMetadataId": "3e96470f-b87d-4cd0-a165-45bf790f4925"
          },
          "type": "Scope"
        },
        "Start_and_wait_for_an_approval": {
          "runAfter": {
            "Set_Next_Round_variable_2": [
              "Succeeded"
            ]
          },
          "metadata": {
            "operationMetadataId": "ebc4718d-3bcb-464b-8d85-c63e5fa692c0"
          },
          "type": "OpenApiConnectionWebhook",
          "inputs": {
            "host": {
              "connectionName": "shared_approvals",
              "operationId": "StartAndWaitForAnApproval",
              "apiId": "/providers/Microsoft.PowerApps/apis/shared_approvals"
            },
            "parameters": {
              "approvalType": "Basic",
              "WebhookApprovalCreationInput/title": "Approval Needed - @{outputs('Get_Initiative_Details')?['body/bsc_name']}",
              "WebhookApprovalCreationInput/assignedTo": "@{outputs('Get_Main_Approver')?['body/internalemailaddress']};",
              "WebhookApprovalCreationInput/details": "Description: \n@{outputs('Get_Initiative_Details')?['body/bsc_description']}\n\nVendor: @{outputs('Get_Vendor_Details')?['body/name']}\n\nBudgeted: @{if(outputs('Get_Initiative_Details')?['body/bsc_budgeted'],'Yes','No')}\n\nSpend Plan: $@{outputs('Get_Initiative_Details')?['body/bsc_spendplan_base']}",
              "WebhookApprovalCreationInput/itemLink": "https://org2d7e4c79.crm.dynamics.com/main.aspx?appid=7da6de35-0493-ec11-b400-0022480b06e1&pagetype=entityrecord&etn=bsc_initiativerequest&id=@{outputs('Get_Initiative_Details')?['body/bsc_initiativerequestid']}",
              "WebhookApprovalCreationInput/itemLinkDescription": "View Details of Request",
              "WebhookApprovalCreationInput/enableNotifications": true,
              "WebhookApprovalCreationInput/enableReassignment": true
            },
            "authentication": "@parameters('$authentication')"
          },
          "description": "if(outputs('Get_Initiative_Details')?['body/bsc_budgeted'],'Yes','No')"
        },
        "Get_Details_about_Initiative": {
          "actions": {
            "Get_Initiative_Details": {
              "runAfter": {},
              "metadata": {
                "operationMetadataId": "1eca0026-3f15-4135-8305-2e2f384eabd4"
              },
              "type": "OpenApiConnection",
              "inputs": {
                "host": {
                  "connectionName": "shared_commondataserviceforapps",
                  "operationId": "GetItem",
                  "apiId": "/providers/Microsoft.PowerApps/apis/shared_commondataserviceforapps"
                },
                "parameters": {
                  "entityName": "bsc_initiativerequests",
                  "recordId": "@triggerOutputs()?['body/_bsc_initiativerequest_value']"
                },
                "authentication": "@parameters('$authentication')"
              }
            },
            "Get_Vendor_Details": {
              "runAfter": {
                "Get_Initiative_Details": [
                  "Succeeded"
                ]
              },
              "metadata": {
                "operationMetadataId": "71033b73-94ea-43c6-9779-7046cf1641e5"
              },
              "type": "OpenApiConnection",
              "inputs": {
                "host": {
                  "connectionName": "shared_commondataserviceforapps",
                  "operationId": "GetItem",
                  "apiId": "/providers/Microsoft.PowerApps/apis/shared_commondataserviceforapps"
                },
                "parameters": {
                  "entityName": "accounts",
                  "recordId": "@outputs('Get_Initiative_Details')?['body/_bsc_vendor_value']"
                },
                "authentication": "@parameters('$authentication')"
              }
            }
          },
          "runAfter": {},
          "metadata": {
            "operationMetadataId": "b00d3190-e911-495e-9ca2-6030fa931157"
          },
          "type": "Scope"
        },
        "Condition": {
          "actions": {
            "Apply_to_each_2": {
              "foreach": "@outputs('Start_and_wait_for_an_approval')?['body/responses']",
              "actions": {
                "Update_current_as_Approved": {
                  "runAfter": {},
                  "metadata": {
                    "operationMetadataId": "acc85acd-e2be-4410-a177-1cc925a72063"
                  },
                  "type": "OpenApiConnection",
                  "inputs": {
                    "host": {
                      "connectionName": "shared_commondataserviceforapps",
                      "operationId": "UpdateRecord",
                      "apiId": "/providers/Microsoft.PowerApps/apis/shared_commondataserviceforapps"
                    },
                    "parameters": {
                      "entityName": "bsc_initiativeapprovalstamps",
                      "recordId": "@triggerOutputs()?['body/bsc_initiativeapprovalstampid']",
                      "item/bsc_approvalstatus": 760660002,
                      "item/bsc_Approver@odata.bind": "/systemusers/@{triggerOutputs()?['body/_bsc_mainapprover_value']}",
                      "item/bsc_comments": "@items('Apply_to_each_2')?['comments']",
                      "item/bsc_stampdate": "@utcNow()"
                    },
                    "authentication": "@parameters('$authentication')"
                  }
                }
              },
              "runAfter": {},
              "metadata": {
                "operationMetadataId": "d51f477d-ae4d-4819-8eb7-dd0a04407f5b"
              },
              "type": "Foreach"
            },
            "Find_if_a_potential_Future_Round": {
              "runAfter": {
                "Apply_to_each_2": [
                  "Succeeded"
                ]
              },
              "metadata": {
                "operationMetadataId": "cda15e95-d91e-447d-8c23-e6ded554c93c"
              },
              "type": "OpenApiConnection",
              "inputs": {
                "host": {
                  "connectionName": "shared_commondataserviceforapps",
                  "operationId": "ListRecords",
                  "apiId": "/providers/Microsoft.PowerApps/apis/shared_commondataserviceforapps"
                },
                "parameters": {
                  "entityName": "bsc_initiativeapprovalstamps",
                  "$filter": "_@{parameters('Env Var Pub Name (bsc_EnvVarPublisherName)')}_initiativerequest_value eq @{triggerOutputs()?['body/_bsc_initiativerequest_value']} and @{parameters('Env Var Pub Name (bsc_EnvVarPublisherName)')}_roundno eq @{variables('varNextRoundNumber')}"
                },
                "authentication": "@parameters('$authentication')"
              },
              "description": "Filter on potential next Round with the current Initiative Request Look Up "
            },
            "If_No_future_Approval_Round_is_found": {
              "actions": {
                "Update_Overall_Initiative_to_Approved": {
                  "runAfter": {},
                  "metadata": {
                    "operationMetadataId": "8d31c6b4-e50a-4df3-ad4c-e0659676ee16"
                  },
                  "type": "OpenApiConnection",
                  "inputs": {
                    "host": {
                      "connectionName": "shared_commondataserviceforapps",
                      "operationId": "UpdateRecord",
                      "apiId": "/providers/Microsoft.PowerApps/apis/shared_commondataserviceforapps"
                    },
                    "parameters": {
                      "entityName": "bsc_initiativerequests",
                      "recordId": "@outputs('Get_Initiative_Details')?['body/bsc_initiativerequestid']",
                      "item/bsc_requeststatus": 760660002
                    },
                    "authentication": "@parameters('$authentication')"
                  },
                  "description": "Since Approval Round is Completed, Update Request Record"
                }
              },
              "runAfter": {
                "Find_if_a_potential_Future_Round": [
                  "Succeeded"
                ]
              },
              "else": {
                "actions": {
                  "Update_Overall_Initiative_to_In_Review": {
                    "runAfter": {},
                    "metadata": {
                      "operationMetadataId": "8d31c6b4-e50a-4df3-ad4c-e0659676ee16"
                    },
                    "type": "OpenApiConnection",
                    "inputs": {
                      "host": {
                        "connectionName": "shared_commondataserviceforapps",
                        "operationId": "UpdateRecord",
                        "apiId": "/providers/Microsoft.PowerApps/apis/shared_commondataserviceforapps"
                      },
                      "parameters": {
                        "entityName": "bsc_initiativerequests",
                        "recordId": "@outputs('Get_Initiative_Details')?['body/bsc_initiativerequestid']",
                        "item/bsc_requeststatus": 760660001
                      },
                      "authentication": "@parameters('$authentication')"
                    },
                    "description": "Since Approval Round is Completed, Update Request Record"
                  },
                  "Apply_to_each": {
                    "foreach": "@outputs('Find_if_a_potential_Future_Round')?['body/value']",
                    "actions": {
                      "Compose_3": {
                        "runAfter": {},
                        "metadata": {
                          "operationMetadataId": "0baff113-e6f5-41b7-8146-fcf45e49ba56"
                        },
                        "type": "Compose",
                        "inputs": "Found the next Round which is @{items('Apply_to_each')?['bsc_roundno']} need to set this puppy to pending now"
                      },
                      "Update_next_Round_as_Pending": {
                        "runAfter": {
                          "Compose_3": [
                            "Succeeded"
                          ]
                        },
                        "metadata": {
                          "operationMetadataId": "54a4ae22-023e-4843-9bb7-28c1b0c0cefd"
                        },
                        "type": "OpenApiConnection",
                        "inputs": {
                          "host": {
                            "connectionName": "shared_commondataserviceforapps",
                            "operationId": "UpdateRecord",
                            "apiId": "/providers/Microsoft.PowerApps/apis/shared_commondataserviceforapps"
                          },
                          "parameters": {
                            "entityName": "bsc_initiativeapprovalstamps",
                            "recordId": "@items('Apply_to_each')?['bsc_initiativeapprovalstampid']",
                            "item/bsc_approvalstatus": 760660001
                          },
                          "authentication": "@parameters('$authentication')"
                        }
                      }
                    },
                    "runAfter": {
                      "Update_Overall_Initiative_to_In_Review": [
                        "Succeeded"
                      ]
                    },
                    "metadata": {
                      "operationMetadataId": "4350f5a2-6486-4b91-aab0-bc5875b642c8"
                    },
                    "type": "Foreach"
                  }
                }
              },
              "expression": {
                "equals": [
                  "@length(outputs('Find_if_a_potential_Future_Round')?['body/value'])",
                  0
                ]
              },
              "metadata": {
                "operationMetadataId": "d5b80213-bd47-4068-9a79-cc6e487616f4"
              },
              "type": "If"
            }
          },
          "runAfter": {
            "Start_and_wait_for_an_approval": [
              "Succeeded"
            ]
          },
          "else": {
            "actions": {
              "Current_round_status_update_to_Rejected": {
                "foreach": "@outputs('Start_and_wait_for_an_approval')?['body/responses']",
                "actions": {
                  "Update_current_as_Rejected": {
                    "runAfter": {},
                    "metadata": {
                      "operationMetadataId": "acc85acd-e2be-4410-a177-1cc925a72063"
                    },
                    "type": "OpenApiConnection",
                    "inputs": {
                      "host": {
                        "connectionName": "shared_commondataserviceforapps",
                        "operationId": "UpdateRecord",
                        "apiId": "/providers/Microsoft.PowerApps/apis/shared_commondataserviceforapps"
                      },
                      "parameters": {
                        "entityName": "bsc_initiativeapprovalstamps",
                        "recordId": "@triggerOutputs()?['body/bsc_initiativeapprovalstampid']",
                        "item/bsc_approvalstatus": 760660003,
                        "item/bsc_Approver@odata.bind": "/systemusers/@{triggerOutputs()?['body/_bsc_mainapprover_value']}",
                        "item/bsc_comments": "@items('Current_round_status_update_to_Rejected')?['comments']",
                        "item/bsc_stampdate": "@utcNow()"
                      },
                      "authentication": "@parameters('$authentication')"
                    }
                  }
                },
                "runAfter": {},
                "metadata": {
                  "operationMetadataId": "d51f477d-ae4d-4819-8eb7-dd0a04407f5b"
                },
                "type": "Foreach"
              },
              "Find_if_there_are_any_other_Rounds": {
                "runAfter": {
                  "Update_Overall_Initiative_to_Rejected": [
                    "Succeeded"
                  ]
                },
                "metadata": {
                  "operationMetadataId": "cda15e95-d91e-447d-8c23-e6ded554c93c"
                },
                "type": "OpenApiConnection",
                "inputs": {
                  "host": {
                    "connectionName": "shared_commondataserviceforapps",
                    "operationId": "ListRecords",
                    "apiId": "/providers/Microsoft.PowerApps/apis/shared_commondataserviceforapps"
                  },
                  "parameters": {
                    "entityName": "bsc_initiativeapprovalstamps",
                    "$filter": "_@{parameters('Env Var Pub Name (bsc_EnvVarPublisherName)')}_initiativerequest_value eq @{triggerOutputs()?['body/_bsc_initiativerequest_value']} and @{parameters('Env Var Pub Name (bsc_EnvVarPublisherName)')}_approvalstatus eq 760660000"
                  },
                  "authentication": "@parameters('$authentication')"
                },
                "description": "Filter on potential next Round with the current Initiative Request Look Up "
              },
              "Compose": {
                "runAfter": {
                  "Find_if_there_are_any_other_Rounds": [
                    "Succeeded"
                  ]
                },
                "metadata": {
                  "operationMetadataId": "c97baccb-534c-4240-ac1d-7039fe6a035a"
                },
                "type": "Compose",
                "inputs": "@length(outputs('Find_if_there_are_any_other_Rounds')?['body/value'])",
                "description": "length(outputs('Find_if_there_are_any_other_Rounds')?['body/value'])"
              },
              "Update_Overall_Initiative_to_Rejected": {
                "runAfter": {
                  "Current_round_status_update_to_Rejected": [
                    "Succeeded"
                  ]
                },
                "metadata": {
                  "operationMetadataId": "2afc6d58-afc5-4861-bfd1-a8f441cb302f"
                },
                "type": "OpenApiConnection",
                "inputs": {
                  "host": {
                    "connectionName": "shared_commondataserviceforapps",
                    "operationId": "UpdateRecord",
                    "apiId": "/providers/Microsoft.PowerApps/apis/shared_commondataserviceforapps"
                  },
                  "parameters": {
                    "entityName": "bsc_initiativerequests",
                    "recordId": "@outputs('Get_Initiative_Details')?['body/bsc_initiativerequestid']",
                    "item/bsc_requeststatus": 760660003
                  },
                  "authentication": "@parameters('$authentication')"
                }
              },
              "Set_future_rounds_to_Cancelled": {
                "foreach": "@outputs('Find_if_there_are_any_other_Rounds')?['body/value']",
                "actions": {
                  "Update_Rounds_to_Cancelled": {
                    "runAfter": {},
                    "metadata": {
                      "operationMetadataId": "53868350-657a-4d38-ac4b-ab013d688168"
                    },
                    "type": "OpenApiConnection",
                    "inputs": {
                      "host": {
                        "connectionName": "shared_commondataserviceforapps",
                        "operationId": "UpdateRecord",
                        "apiId": "/providers/Microsoft.PowerApps/apis/shared_commondataserviceforapps"
                      },
                      "parameters": {
                        "entityName": "bsc_initiativeapprovalstamps",
                        "recordId": "@items('Set_future_rounds_to_Cancelled')?['bsc_initiativeapprovalstampid']",
                        "item/bsc_approvalstatus": 760660004
                      },
                      "authentication": "@parameters('$authentication')"
                    }
                  }
                },
                "runAfter": {
                  "Compose": [
                    "Succeeded"
                  ]
                },
                "metadata": {
                  "operationMetadataId": "2dd0475b-aadf-46b3-aeb3-a668af552e11"
                },
                "type": "Foreach"
              }
            }
          },
          "expression": {
            "equals": [
              "@outputs('Start_and_wait_for_an_approval')?['body/outcome']",
              "Approve"
            ]
          },
          "metadata": {
            "operationMetadataId": "b886cdf7-2c78-405e-8a99-128d6127643a"
          },
          "type": "If"
        },
        "Set_Next_Round_variable_2": {
          "runAfter": {
            "Get_Approvers_Info": [
              "Succeeded"
            ]
          },
          "metadata": {
            "operationMetadataId": "b661675d-3384-4e20-8b32-ab850d429c58"
          },
          "type": "InitializeVariable",
          "inputs": {
            "variables": [
              {
                "name": "varNextRoundNumber",
                "type": "integer",
                "value": "@add(triggerOutputs()?['body/bsc_roundno'], 1)"
              }
            ]
          },
          "description": "add(triggerOutputs()?['body/bsc_roundno'], 1)"
        }
      }
    }
  },
  "schemaVersion": "1.0.0.0"
}