{
  "properties": {
    "connectionReferences": {
      "shared_commondataserviceforapps": {
        "runtimeSource": "embedded",
        "connection": {
          "connectionReferenceLogicalName": "bsc_sharedcommondataserviceforapps_314b5"
        },
        "api": {
          "name": "shared_commondataserviceforapps"
        }
      }
    },
    "definition": {
      "$schema": "https://schema.management.azure.com/providers/Microsoft.Logic/schemas/2016-06-01/workflowdefinition.json#",
      "contentVersion": "1.0.0.0",
      "parameters": {
        "$connections": {
          "defaultValue": {},
          "type": "Object"
        },
        "$authentication": {
          "defaultValue": {},
          "type": "SecureObject"
        },
        "Env Var Pub Name (bsc_EnvVarPublisherName)": {
          "defaultValue": "bsc",
          "type": "String",
          "metadata": {
            "schemaName": "bsc_EnvVarPublisherName",
            "description": "Environment Variable for Publisher Name"
          }
        }
      },
      "triggers": {
        "When_a_row_is_added,_modified_or_deleted": {
          "metadata": {
            "operationMetadataId": "31ce2347-48a2-40ce-bfa3-a9f4d1d54646"
          },
          "type": "OpenApiConnectionWebhook",
          "inputs": {
            "host": {
              "connectionName": "shared_commondataserviceforapps",
              "operationId": "SubscribeWebhookTrigger",
              "apiId": "/providers/Microsoft.PowerApps/apis/shared_commondataserviceforapps"
            },
            "parameters": {
              "subscriptionRequest/message": 1,
              "subscriptionRequest/entityname": "bsc_initiativerequest",
              "subscriptionRequest/scope": 4
            },
            "authentication": "@parameters('$authentication')"
          }
        }
      },
      "actions": {
        "List_approvers_from_Setup_Approvers_table": {
          "runAfter": {},
          "metadata": {
            "operationMetadataId": "517fe7b7-5539-4ca2-ba27-97e6beee116f"
          },
          "type": "OpenApiConnection",
          "inputs": {
            "host": {
              "connectionName": "shared_commondataserviceforapps",
              "operationId": "ListRecords",
              "apiId": "/providers/Microsoft.PowerApps/apis/shared_commondataserviceforapps"
            },
            "parameters": {
              "entityName": "bsc_initiativeapproversetups"
            },
            "authentication": "@parameters('$authentication')"
          }
        },
        "Apply_to_each": {
          "foreach": "@outputs('List_approvers_from_Setup_Approvers_table')?['body/value']",
          "actions": {
            "Condition": {
              "actions": {
                "Create_Pending_Approval_Stamps_for_Round_1": {
                  "runAfter": {},
                  "metadata": {
                    "operationMetadataId": "703d3b95-83d6-4b86-a86d-1ee62c685647"
                  },
                  "type": "OpenApiConnection",
                  "inputs": {
                    "host": {
                      "connectionName": "shared_commondataserviceforapps",
                      "operationId": "CreateRecord",
                      "apiId": "/providers/Microsoft.PowerApps/apis/shared_commondataserviceforapps"
                    },
                    "parameters": {
                      "entityName": "bsc_initiativeapprovalstamps",
                      "item/bsc_approvalstatus": 760660001,
                      "item/bsc_BackupApprover@odata.bind": "/systemusers/",
                      "item/bsc_InitiativeRequest@odata.bind": "/@{parameters('Env Var Pub Name (bsc_EnvVarPublisherName)')}_initiativerequests/@{triggerOutputs()?['body/bsc_initiativerequestid']}",
                      "item/bsc_MainApprover@odata.bind": "/systemusers/@{items('Apply_to_each')?['_bsc_mainapprover_value']}",
                      "item/bsc_roundno": "@items('Apply_to_each')?['bsc_roundno']"
                    },
                    "authentication": "@parameters('$authentication')"
                  }
                }
              },
              "runAfter": {},
              "else": {
                "actions": {
                  "Create_Not_Started_Approval_Stamps_for_Round_2_and_beyond": {
                    "runAfter": {},
                    "metadata": {
                      "operationMetadataId": "142dc538-8d7e-434c-a7f3-9db5ad0fe641"
                    },
                    "type": "OpenApiConnection",
                    "inputs": {
                      "host": {
                        "connectionName": "shared_commondataserviceforapps",
                        "operationId": "CreateRecord",
                        "apiId": "/providers/Microsoft.PowerApps/apis/shared_commondataserviceforapps"
                      },
                      "parameters": {
                        "entityName": "bsc_initiativeapprovalstamps",
                        "item/bsc_approvalstatus": 760660000,
                        "item/bsc_BackupApprover@odata.bind": "/systemusers/",
                        "item/bsc_InitiativeRequest@odata.bind": "/@{parameters('Env Var Pub Name (bsc_EnvVarPublisherName)')}_initiativerequests/@{triggerOutputs()?['body/bsc_initiativerequestid']}",
                        "item/bsc_MainApprover@odata.bind": "/systemusers/@{items('Apply_to_each')?['_bsc_mainapprover_value']}",
                        "item/bsc_roundno": "@items('Apply_to_each')?['bsc_roundno']"
                      },
                      "authentication": "@parameters('$authentication')"
                    }
                  }
                }
              },
              "expression": {
                "equals": [
                  "@items('Apply_to_each')?['bsc_roundno']",
                  1
                ]
              },
              "metadata": {
                "operationMetadataId": "3fca16d2-b05b-40bb-a52d-8e365a10c643"
              },
              "type": "If"
            }
          },
          "runAfter": {
            "List_approvers_from_Setup_Approvers_table": [
              "Succeeded"
            ]
          },
          "metadata": {
            "operationMetadataId": "f65bc034-9d52-496a-b462-a3f7509ab8b2"
          },
          "type": "Foreach"
        }
      }
    }
  },
  "schemaVersion": "1.0.0.0"
}