{
  "properties": {
    "connectionReferences": {
      "shared_commondataserviceforapps": {
        "impersonation": {},
        "runtimeSource": "embedded",
        "connection": {},
        "api": {
          "name": "shared_commondataserviceforapps"
        }
      },
      "shared_excelonlinebusiness": {
        "runtimeSource": "embedded",
        "connection": {},
        "api": {
          "name": "shared_excelonlinebusiness"
        }
      }
    },
    "definition": {
      "$schema": "https://schema.management.azure.com/providers/Microsoft.Logic/schemas/2016-06-01/workflowdefinition.json#",
      "contentVersion": "1.0.0.0",
      "parameters": {
        "$connections": {
          "defaultValue": {},
          "type": "Object"
        },
        "$authentication": {
          "defaultValue": {},
          "type": "SecureObject"
        },
        "varBPFnew (bid_varBPFnew)": {
          "defaultValue": "0b39a629-c3f8-41e1-8d79-eb95417d56fb",
          "type": "String",
          "metadata": {
            "schemaName": "bid_varBPFnew"
          }
        },
        "varBPFinprogress (bid_varBPFinprogress)": {
          "defaultValue": "8524f3a1-9d91-4806-86bb-eeaf729c214d",
          "type": "String",
          "metadata": {
            "schemaName": "bid_varBPFinprogress"
          }
        },
        "varBPFround1 (bid_varBPFround1)": {
          "defaultValue": "d44ff6aa-2f51-4f68-91c1-572f93d711a0",
          "type": "String",
          "metadata": {
            "schemaName": "bid_varBPFround1"
          }
        },
        "varBPFround2 (bid_varBPFround2)": {
          "defaultValue": "09e40e5b-f0ec-4670-9335-07d00c2214f4",
          "type": "String",
          "metadata": {
            "schemaName": "bid_varBPFround2"
          }
        },
        "varStatusSubmittedForReview (bid_varStatusSubmittedReview)": {
          "defaultValue": "757570002",
          "type": "String",
          "metadata": {
            "schemaName": "bid_varStatusSubmittedReview"
          }
        }
      },
      "triggers": {
        "When_Submitted_for_Review_Bid_is_modified": {
          "metadata": {
            "operationMetadataId": "7dc65a48-caff-420d-b413-e610adc934c6"
          },
          "type": "OpenApiConnectionWebhook",
          "inputs": {
            "host": {
              "apiId": "/providers/Microsoft.PowerApps/apis/shared_commondataserviceforapps",
              "connectionName": "shared_commondataserviceforapps",
              "operationId": "SubscribeWebhookTrigger"
            },
            "parameters": {
              "subscriptionRequest/message": 3,
              "subscriptionRequest/entityname": "bid_bidresponse",
              "subscriptionRequest/scope": 4,
              "subscriptionRequest/filterexpression": "bid_bidresponsestatus eq 757570002 and bid_rankpretransport eq null"
            },
            "authentication": "@parameters('$authentication')"
          },
          "description": "757570002 is Submitted for SWA Review"
        }
      },
      "actions": {
        "Initialize_variable_arrayComments": {
          "runAfter": {
            "Get_Parent_Records": [
              "Succeeded"
            ]
          },
          "metadata": {
            "operationMetadataId": "1a71b21d-c0fe-4610-9220-76f91563bd38"
          },
          "type": "InitializeVariable",
          "inputs": {
            "variables": [
              {
                "name": "arrayComments",
                "type": "array"
              }
            ]
          }
        },
        "Initialize_variable_arrayFees": {
          "runAfter": {
            "Initialize_variable_arrayComments": [
              "Succeeded"
            ]
          },
          "metadata": {
            "operationMetadataId": "325eb5a3-5a5d-449d-94b9-caa3f7f968b6"
          },
          "type": "InitializeVariable",
          "inputs": {
            "variables": [
              {
                "name": "arrayFees",
                "type": "array"
              }
            ]
          }
        },
        "Get_Parent_Records": {
          "actions": {
            "Get_Bid_Volume": {
              "runAfter": {},
              "metadata": {
                "operationMetadataId": "8af2460f-a78a-4649-8a15-a01e2af59b7b"
              },
              "type": "OpenApiConnection",
              "inputs": {
                "host": {
                  "apiId": "/providers/Microsoft.PowerApps/apis/shared_commondataserviceforapps",
                  "connectionName": "shared_commondataserviceforapps",
                  "operationId": "GetItem"
                },
                "parameters": {
                  "entityName": "bid_bidvolumes",
                  "recordId": "@triggerOutputs()?['body/_bid_bidvolume_value']"
                },
                "authentication": "@parameters('$authentication')"
              }
            },
            "Get_Bid_Cycle": {
              "runAfter": {
                "Get_Bid_Volume": [
                  "Succeeded"
                ]
              },
              "metadata": {
                "operationMetadataId": "f6f29443-8aee-4c08-a248-5b2f107e38f9"
              },
              "type": "OpenApiConnection",
              "inputs": {
                "host": {
                  "apiId": "/providers/Microsoft.PowerApps/apis/shared_commondataserviceforapps",
                  "connectionName": "shared_commondataserviceforapps",
                  "operationId": "GetItem"
                },
                "parameters": {
                  "entityName": "bid_bidcycles",
                  "recordId": "@outputs('Get_Bid_Volume')?['body/_bid_bidcycle_value']"
                },
                "authentication": "@parameters('$authentication')"
              }
            }
          },
          "runAfter": {},
          "metadata": {
            "operationMetadataId": "da8b0c14-4a21-4c28-98e5-48239ec6128d"
          },
          "type": "Scope"
        },
        "Generate_xlsx": {
          "actions": {
            "Get_Supplier": {
              "runAfter": {},
              "metadata": {
                "operationMetadataId": "72716bb8-2f96-41a2-a87c-9bafb770e996"
              },
              "type": "OpenApiConnection",
              "inputs": {
                "host": {
                  "apiId": "/providers/Microsoft.PowerApps/apis/shared_commondataserviceforapps",
                  "connectionName": "shared_commondataserviceforapps",
                  "operationId": "GetItem"
                },
                "parameters": {
                  "entityName": "accounts",
                  "recordId": "@triggerOutputs()?['body/_bid_supplier_value']"
                },
                "authentication": "@parameters('$authentication')"
              }
            },
            "List_Fees_Tarriffs": {
              "runAfter": {
                "Add_the_Flow_Bid_Response_to_Excel": [
                  "Succeeded"
                ]
              },
              "metadata": {
                "operationMetadataId": "015f7f62-dd52-4661-8e48-69d0b42168bb"
              },
              "type": "OpenApiConnection",
              "inputs": {
                "host": {
                  "apiId": "/providers/Microsoft.PowerApps/apis/shared_commondataserviceforapps",
                  "connectionName": "shared_commondataserviceforapps",
                  "operationId": "ListRecords"
                },
                "parameters": {
                  "entityName": "bid_fees",
                  "$filter": "_bid_bidresponse_value eq @{triggerOutputs()?['body/bid_bidresponseid']}"
                },
                "authentication": "@parameters('$authentication')"
              }
            },
            "List_Comments": {
              "runAfter": {
                "Add_the_Flow_Bid_Response_to_Excel": [
                  "Succeeded"
                ]
              },
              "metadata": {
                "operationMetadataId": "d00efcaa-9825-45e7-9a18-96240937aaaf"
              },
              "type": "OpenApiConnection",
              "inputs": {
                "host": {
                  "apiId": "/providers/Microsoft.PowerApps/apis/shared_commondataserviceforapps",
                  "connectionName": "shared_commondataserviceforapps",
                  "operationId": "ListRecords"
                },
                "parameters": {
                  "entityName": "bid_bidresponsecommentses",
                  "$filter": "_bid_bidresponse_value eq @{triggerOutputs()?['body/bid_bidresponseid']}"
                },
                "authentication": "@parameters('$authentication')"
              }
            },
            "Apply_to_each_2": {
              "foreach": "@outputs('List_Fees_Tarriffs')?['body/value']",
              "actions": {
                "Append_to_array_variable_arrayFees": {
                  "runAfter": {},
                  "metadata": {
                    "operationMetadataId": "fe176b20-f2ec-44e9-9f12-c3072441511e"
                  },
                  "type": "AppendToArrayVariable",
                  "inputs": {
                    "name": "arrayFees",
                    "value": {
                      "wrdFeeDescription": "@items('Apply_to_each_2')?['bid_name']",
                      "wrdFeesValue": "@items('Apply_to_each_2')?['bid_feevalue']",
                      "wrdFeeInclude": "@items('Apply_to_each_2')?['bid_isincludedindiff']"
                    }
                  }
                }
              },
              "runAfter": {
                "List_Fees_Tarriffs": [
                  "Succeeded"
                ]
              },
              "metadata": {
                "operationMetadataId": "4f094ebe-cf38-4eb4-8c5b-9c1dd6be00ab"
              },
              "type": "Foreach"
            },
            "Apply_to_each_3": {
              "foreach": "@outputs('List_Comments')?['body/value']",
              "actions": {
                "Append_to_array_variable_arrayComments": {
                  "runAfter": {},
                  "metadata": {
                    "operationMetadataId": "57c4ee50-ea23-4ab3-af80-35e93cef59bd"
                  },
                  "type": "AppendToArrayVariable",
                  "inputs": {
                    "name": "arrayComments",
                    "value": {
                      "wrdCommentsActual": "@items('Apply_to_each_3')?['bid_name']"
                    }
                  }
                },
                "Add_the_comment_into_tblComment_for_Excel": {
                  "runAfter": {
                    "Append_to_array_variable_arrayComments": [
                      "Succeeded"
                    ]
                  },
                  "metadata": {
                    "01ITQZH3XIRYH254C7IRG3ZP5IOUTMQMNM": "/Sample-Fuel-Export.xlsx",
                    "operationMetadataId": "8986f3bc-a292-4acc-881a-ec79c7b0d337",
                    "tableId": "{DE6CE71E-C178-41D5-89D1-C1F756C530FC}"
                  },
                  "type": "OpenApiConnection",
                  "inputs": {
                    "host": {
                      "apiId": "/providers/Microsoft.PowerApps/apis/shared_excelonlinebusiness",
                      "connectionName": "shared_excelonlinebusiness",
                      "operationId": "AddRowV2"
                    },
                    "parameters": {
                      "source": "groups/a8073a20-ea19-42af-bd1e-2e7ccb186741",
                      "drive": "b!-YmQjgTkT06aMsDoOeHrSmHbxqcHVQJAlwCkcDO6Y0_j70p9MCijQKl34QkRbccw",
                      "file": "01ITQZH3XIRYH254C7IRG3ZP5IOUTMQMNM",
                      "table": "{DE6CE71E-C178-41D5-89D1-C1F756C530FC}",
                      "item/Comments": "@items('Apply_to_each_3')?['bid_name']"
                    },
                    "authentication": "@parameters('$authentication')"
                  }
                }
              },
              "runAfter": {
                "List_Comments": [
                  "Succeeded"
                ]
              },
              "metadata": {
                "operationMetadataId": "811da700-6c63-4d57-bfeb-987e4b5ef4e2"
              },
              "type": "Foreach"
            },
            "Add_the_Flow_Bid_Response_to_Excel": {
              "runAfter": {
                "Get_Supplier": [
                  "Succeeded"
                ]
              },
              "metadata": {
                "operationMetadataId": "58c098df-fa54-4af5-adbc-70ebbe909da8",
                "tableId": "{FA11B3D2-1631-466F-8C50-C8C2C3B5F6C0}"
              },
              "type": "OpenApiConnection",
              "inputs": {
                "host": {
                  "apiId": "/providers/Microsoft.PowerApps/apis/shared_excelonlinebusiness",
                  "connectionName": "shared_excelonlinebusiness",
                  "operationId": "AddRowV2"
                },
                "parameters": {
                  "source": "groups/a8073a20-ea19-42af-bd1e-2e7ccb186741",
                  "drive": "b!-YmQjgTkT06aMsDoOeHrSmHbxqcHVQJAlwCkcDO6Y0_j70p9MCijQKl34QkRbccw",
                  "file": "/Sample-Fuel-Export.xlsx",
                  "table": "{FA11B3D2-1631-466F-8C50-C8C2C3B5F6C0}",
                  "item/Bid Response Name": "@triggerOutputs()?['body/bid_name']",
                  "item/Suppier Volume Offer": "@triggerOutputs()?['body/bid_suppliervolumeoffer']",
                  "item/Price Differential": "@triggerOutputs()?['body/bid_pricedifferential']",
                  "item/Fuel Percent": "@triggerOutputs()?['body/bid_fuelsurchargepercent']"
                },
                "authentication": "@parameters('$authentication')"
              }
            }
          },
          "runAfter": {
            "Initialize_variable_varExcelName": [
              "Succeeded"
            ]
          },
          "metadata": {
            "operationMetadataId": "cc35ec94-e31e-46bc-87db-eea782fa8e95"
          },
          "type": "Scope"
        },
        "Initialize_variable_varExcelName": {
          "runAfter": {
            "Initialize_variable_arrayFees": [
              "Succeeded"
            ]
          },
          "metadata": {
            "operationMetadataId": "14ba7efc-62e4-45a6-8ea8-6196da955928"
          },
          "type": "InitializeVariable",
          "inputs": {
            "variables": [
              {
                "name": "varExcelName",
                "type": "string",
                "value": "/@{triggerOutputs()?['body/bid_name']}.xlsx"
              }
            ]
          }
        }
      }
    },
    "templateName": null
  },
  "schemaVersion": "1.0.0.0"
}