<environmentvariabledefinition schemaname="bsc_EnvVarPendingApproval">
  <defaultvalue>760660001</defaultvalue>
  <description default="Environment Variable for Pending Approval Stamp Status GUID">
    <label description="Environment Variable for Pending Approval Stamp Status GUID" languagecode="1033" />
  </description>
  <displayname default="Env Var Pending Apprv">
    <label description="Env Var Pending Apprv" languagecode="1033" />
  </displayname>
  <introducedversion>1.0.0.0</introducedversion>
  <iscustomizable>1</iscustomizable>
  <isrequired>0</isrequired>
  <secretstore>0</secretstore>
  <type>100000000</type>
</environmentvariabledefinition>