<ImportExportXml version="9.2.22105.202" SolutionPackageVersion="9.2" languagecode="1033" generatedBy="CrmLive" xmlns:xsi="http://www.w3.org/2001/XMLSchema-instance">
  <SolutionManifest>
    <UniqueName>ForFlow</UniqueName>
    <LocalizedNames>
      <LocalizedName description="For Flow" languagecode="1033" />
    </LocalizedNames>
    <Descriptions />
    <Version>1.0.0.1</Version>
    <Managed>0</Managed>
    <Publisher>
      <UniqueName>Bid</UniqueName>
      <LocalizedNames>
        <LocalizedName description="Bid Publisher" languagecode="1033" />
      </LocalizedNames>
      <Descriptions />
      <EMailAddress xsi:nil="true"></EMailAddress>
      <SupportingWebsiteUrl xsi:nil="true"></SupportingWebsiteUrl>
      <CustomizationPrefix>bid</CustomizationPrefix>
      <CustomizationOptionValuePrefix>75757</CustomizationOptionValuePrefix>
      <Addresses>
        <Address>
          <AddressNumber>1</AddressNumber>
          <AddressTypeCode>1</AddressTypeCode>
          <City xsi:nil="true"></City>
          <County xsi:nil="true"></County>
          <Country xsi:nil="true"></Country>
          <Fax xsi:nil="true"></Fax>
          <FreightTermsCode xsi:nil="true"></FreightTermsCode>
          <ImportSequenceNumber xsi:nil="true"></ImportSequenceNumber>
          <Latitude xsi:nil="true"></Latitude>
          <Line1 xsi:nil="true"></Line1>
          <Line2 xsi:nil="true"></Line2>
          <Line3 xsi:nil="true"></Line3>
          <Longitude xsi:nil="true"></Longitude>
          <Name xsi:nil="true"></Name>
          <PostalCode xsi:nil="true"></PostalCode>
          <PostOfficeBox xsi:nil="true"></PostOfficeBox>
          <PrimaryContactName xsi:nil="true"></PrimaryContactName>
          <ShippingMethodCode>1</ShippingMethodCode>
          <StateOrProvince xsi:nil="true"></StateOrProvince>
          <Telephone1 xsi:nil="true"></Telephone1>
          <Telephone2 xsi:nil="true"></Telephone2>
          <Telephone3 xsi:nil="true"></Telephone3>
          <TimeZoneRuleVersionNumber xsi:nil="true"></TimeZoneRuleVersionNumber>
          <UPSZone xsi:nil="true"></UPSZone>
          <UTCOffset xsi:nil="true"></UTCOffset>
          <UTCConversionTimeZoneCode xsi:nil="true"></UTCConversionTimeZoneCode>
        </Address>
        <Address>
          <AddressNumber>2</AddressNumber>
          <AddressTypeCode>1</AddressTypeCode>
          <City xsi:nil="true"></City>
          <County xsi:nil="true"></County>
          <Country xsi:nil="true"></Country>
          <Fax xsi:nil="true"></Fax>
          <FreightTermsCode xsi:nil="true"></FreightTermsCode>
          <ImportSequenceNumber xsi:nil="true"></ImportSequenceNumber>
          <Latitude xsi:nil="true"></Latitude>
          <Line1 xsi:nil="true"></Line1>
          <Line2 xsi:nil="true"></Line2>
          <Line3 xsi:nil="true"></Line3>
          <Longitude xsi:nil="true"></Longitude>
          <Name xsi:nil="true"></Name>
          <PostalCode xsi:nil="true"></PostalCode>
          <PostOfficeBox xsi:nil="true"></PostOfficeBox>
          <PrimaryContactName xsi:nil="true"></PrimaryContactName>
          <ShippingMethodCode>1</ShippingMethodCode>
          <StateOrProvince xsi:nil="true"></StateOrProvince>
          <Telephone1 xsi:nil="true"></Telephone1>
          <Telephone2 xsi:nil="true"></Telephone2>
          <Telephone3 xsi:nil="true"></Telephone3>
          <TimeZoneRuleVersionNumber xsi:nil="true"></TimeZoneRuleVersionNumber>
          <UPSZone xsi:nil="true"></UPSZone>
          <UTCOffset xsi:nil="true"></UTCOffset>
          <UTCConversionTimeZoneCode xsi:nil="true"></UTCConversionTimeZoneCode>
        </Address>
      </Addresses>
    </Publisher>
    <RootComponents>
      <RootComponent type="29" id="{dadc772c-667d-ed11-81ad-0022482803a8}" behavior="0" />
    </RootComponents>
    <MissingDependencies>
      <MissingDependency>
        <Required type="1" schemaName="bid_bidcycle" displayName="Bid Cycle" solution="Active" />
        <Dependent type="29" displayName="Copy - Flow Bid Excel" id="{dadc772c-667d-ed11-81ad-0022482803a8}" />
      </MissingDependency>
      <MissingDependency>
        <Required type="1" schemaName="bid_bidresponse" displayName="Bid Response" solution="Active" />
        <Dependent type="29" displayName="Copy - Flow Bid Excel" id="{dadc772c-667d-ed11-81ad-0022482803a8}" />
      </MissingDependency>
      <MissingDependency>
        <Required type="1" schemaName="bid_bidresponsecomments" displayName="Bid Response Comments" solution="Active" />
        <Dependent type="29" displayName="Copy - Flow Bid Excel" id="{dadc772c-667d-ed11-81ad-0022482803a8}" />
      </MissingDependency>
      <MissingDependency>
        <Required type="1" schemaName="bid_bidvolume" displayName="Bid Volume" solution="Active" />
        <Dependent type="29" displayName="Copy - Flow Bid Excel" id="{dadc772c-667d-ed11-81ad-0022482803a8}" />
      </MissingDependency>
      <MissingDependency>
        <Required type="1" schemaName="bid_fee" displayName="Fee" solution="Active" />
        <Dependent type="29" displayName="Copy - Flow Bid Excel" id="{dadc772c-667d-ed11-81ad-0022482803a8}" />
      </MissingDependency>
      <MissingDependency>
        <Required type="EnvironmentVariableDefinition" displayName="bid_varBPFinprogress" solution="Active" id.schemaname="bid_varBPFinprogress" />
        <Dependent type="29" displayName="Copy - Flow Bid Excel" id="{dadc772c-667d-ed11-81ad-0022482803a8}" />
      </MissingDependency>
      <MissingDependency>
        <Required type="EnvironmentVariableDefinition" displayName="bid_varBPFnew" solution="Active" id.schemaname="bid_varBPFnew" />
        <Dependent type="29" displayName="Copy - Flow Bid Excel" id="{dadc772c-667d-ed11-81ad-0022482803a8}" />
      </MissingDependency>
      <MissingDependency>
        <Required type="EnvironmentVariableDefinition" displayName="bid_varBPFround1" solution="Active" id.schemaname="bid_varBPFround1" />
        <Dependent type="29" displayName="Copy - Flow Bid Excel" id="{dadc772c-667d-ed11-81ad-0022482803a8}" />
      </MissingDependency>
      <MissingDependency>
        <Required type="EnvironmentVariableDefinition" displayName="bid_varBPFround2" solution="Active" id.schemaname="bid_varBPFround2" />
        <Dependent type="29" displayName="Copy - Flow Bid Excel" id="{dadc772c-667d-ed11-81ad-0022482803a8}" />
      </MissingDependency>
      <MissingDependency>
        <Required type="EnvironmentVariableDefinition" displayName="bid_varStatusSubmittedReview" solution="Active" id.schemaname="bid_varStatusSubmittedReview" />
        <Dependent type="29" displayName="Copy - Flow Bid Excel" id="{dadc772c-667d-ed11-81ad-0022482803a8}" />
      </MissingDependency>
    </MissingDependencies>
  </SolutionManifest>
</ImportExportXml>