<ImportExportXml version="9.2.22104.224" SolutionPackageVersion="9.2" languagecode="1033" generatedBy="CrmLive" xmlns:xsi="http://www.w3.org/2001/XMLSchema-instance">
  <SolutionManifest>
    <UniqueName>ForSWAFuelBid</UniqueName>
    <LocalizedNames>
      <LocalizedName description="For SWA - Fuel Bid" languagecode="1033" />
    </LocalizedNames>
    <Descriptions />
    <Version>1.0.0.2</Version>
    <Managed>0</Managed>
    <Publisher>
      <UniqueName>Bid</UniqueName>
      <LocalizedNames>
        <LocalizedName description="Bid Publisher" languagecode="1033" />
      </LocalizedNames>
      <Descriptions />
      <EMailAddress xsi:nil="true"></EMailAddress>
      <SupportingWebsiteUrl xsi:nil="true"></SupportingWebsiteUrl>
      <CustomizationPrefix>bid</CustomizationPrefix>
      <CustomizationOptionValuePrefix>75757</CustomizationOptionValuePrefix>
      <Addresses>
        <Address>
          <AddressNumber>1</AddressNumber>
          <AddressTypeCode>1</AddressTypeCode>
          <City xsi:nil="true"></City>
          <County xsi:nil="true"></County>
          <Country xsi:nil="true"></Country>
          <Fax xsi:nil="true"></Fax>
          <FreightTermsCode xsi:nil="true"></FreightTermsCode>
          <ImportSequenceNumber xsi:nil="true"></ImportSequenceNumber>
          <Latitude xsi:nil="true"></Latitude>
          <Line1 xsi:nil="true"></Line1>
          <Line2 xsi:nil="true"></Line2>
          <Line3 xsi:nil="true"></Line3>
          <Longitude xsi:nil="true"></Longitude>
          <Name xsi:nil="true"></Name>
          <PostalCode xsi:nil="true"></PostalCode>
          <PostOfficeBox xsi:nil="true"></PostOfficeBox>
          <PrimaryContactName xsi:nil="true"></PrimaryContactName>
          <ShippingMethodCode>1</ShippingMethodCode>
          <StateOrProvince xsi:nil="true"></StateOrProvince>
          <Telephone1 xsi:nil="true"></Telephone1>
          <Telephone2 xsi:nil="true"></Telephone2>
          <Telephone3 xsi:nil="true"></Telephone3>
          <TimeZoneRuleVersionNumber xsi:nil="true"></TimeZoneRuleVersionNumber>
          <UPSZone xsi:nil="true"></UPSZone>
          <UTCOffset xsi:nil="true"></UTCOffset>
          <UTCConversionTimeZoneCode xsi:nil="true"></UTCConversionTimeZoneCode>
        </Address>
        <Address>
          <AddressNumber>2</AddressNumber>
          <AddressTypeCode>1</AddressTypeCode>
          <City xsi:nil="true"></City>
          <County xsi:nil="true"></County>
          <Country xsi:nil="true"></Country>
          <Fax xsi:nil="true"></Fax>
          <FreightTermsCode xsi:nil="true"></FreightTermsCode>
          <ImportSequenceNumber xsi:nil="true"></ImportSequenceNumber>
          <Latitude xsi:nil="true"></Latitude>
          <Line1 xsi:nil="true"></Line1>
          <Line2 xsi:nil="true"></Line2>
          <Line3 xsi:nil="true"></Line3>
          <Longitude xsi:nil="true"></Longitude>
          <Name xsi:nil="true"></Name>
          <PostalCode xsi:nil="true"></PostalCode>
          <PostOfficeBox xsi:nil="true"></PostOfficeBox>
          <PrimaryContactName xsi:nil="true"></PrimaryContactName>
          <ShippingMethodCode>1</ShippingMethodCode>
          <StateOrProvince xsi:nil="true"></StateOrProvince>
          <Telephone1 xsi:nil="true"></Telephone1>
          <Telephone2 xsi:nil="true"></Telephone2>
          <Telephone3 xsi:nil="true"></Telephone3>
          <TimeZoneRuleVersionNumber xsi:nil="true"></TimeZoneRuleVersionNumber>
          <UPSZone xsi:nil="true"></UPSZone>
          <UTCOffset xsi:nil="true"></UTCOffset>
          <UTCConversionTimeZoneCode xsi:nil="true"></UTCConversionTimeZoneCode>
        </Address>
      </Addresses>
    </Publisher>
    <RootComponents>
      <RootComponent type="1" schemaName="account" behavior="2" />
      <RootComponent type="1" schemaName="bid_bidcycle" behavior="0" />
      <RootComponent type="1" schemaName="bid_bidresponse" behavior="0" />
      <RootComponent type="1" schemaName="bid_bidresponsecomments" behavior="0" />
      <RootComponent type="1" schemaName="bid_bidvolume" behavior="0" />
      <RootComponent type="1" schemaName="bid_bpf_bidresponseprocess" behavior="0" />
      <RootComponent type="1" schemaName="bid_fee" behavior="0" />
      <RootComponent type="1" schemaName="bid_priceindex" behavior="0" />
      <RootComponent type="1" schemaName="bid_station" behavior="0" />
      <RootComponent type="9" schemaName="bid_bidresponsestatus" behavior="0" />
      <RootComponent type="9" schemaName="bid_deliverytype" behavior="0" />
      <RootComponent type="9" schemaName="bid_feecategory" behavior="0" />
      <RootComponent type="9" schemaName="bid_marketindex" behavior="0" />
      <RootComponent type="9" schemaName="bid_openorclosedstatus" behavior="0" />
      <RootComponent type="9" schemaName="bid_paymentterm" behavior="0" />
      <RootComponent type="9" schemaName="bid_pricingperiod" behavior="0" />
      <RootComponent type="9" schemaName="bid_round" behavior="0" />
      <RootComponent type="9" schemaName="bid_teamround1decision" behavior="0" />
      <RootComponent type="9" schemaName="bid_teamround2decision" behavior="0" />
      <RootComponent type="29" id="{1af87ec3-f059-ed11-9562-0022482803a8}" behavior="0" />
      <RootComponent type="29" id="{253bcd24-ce59-ed11-9562-00224828078c}" behavior="0" />
      <RootComponent type="29" id="{43228427-325a-ed11-9562-00224828078c}" behavior="0" />
      <RootComponent type="29" id="{76856b23-335a-ed11-9562-00224828078c}" behavior="0" />
      <RootComponent type="29" id="{99f274b8-305a-ed11-9562-00224828078c}" behavior="0" />
      <RootComponent type="29" id="{a56e9f30-6660-ed11-9562-00224828078c}" behavior="0" />
      <RootComponent type="29" id="{ab69dd76-ed59-ed11-9562-00224828078c}" behavior="0" />
      <RootComponent type="29" id="{cf16d48e-3e60-ed11-9562-00224828078c}" behavior="0" />
      <RootComponent type="29" id="{fcad54f2-835e-ed11-9562-0022482803a8}" behavior="0" />
    </RootComponents>
    <MissingDependencies>
      <MissingDependency>
        <Required type="66" schemaName="MscrmControls.Canvas.CanvasControl" displayName="MscrmControls.Canvas.CanvasControl" solution="BaseCustomControlsCore (9.0.2210.4014)" />
        <Dependent type="60" displayName="Main Form with Canvas" parentDisplayName="Bid Response" id="{19dee34d-3c61-ed11-9562-0022482803a8}" />
      </MissingDependency>
      <MissingDependency>
        <Required type="66" schemaName="MscrmControls.Canvas.CanvasControl" displayName="MscrmControls.Canvas.CanvasControl" solution="BaseCustomControlsCore (9.0.2210.4014)" />
        <Dependent type="60" displayName="Backup - Main Form with Canvas" parentDisplayName="Bid Response" id="{d169b386-f461-ed11-9562-00224828078c}" />
      </MissingDependency>
    </MissingDependencies>
  </SolutionManifest>
</ImportExportXml>