<environmentvariabledefinition schemaname="bsc_EnvVarPublisherName">
  <defaultvalue>bsc</defaultvalue>
  <description default="Environment Variable for Publisher Name">
    <label description="Environment Variable for Publisher Name" languagecode="1033" />
  </description>
  <displayname default="Env Var Pub Name">
    <label description="Env Var Pub Name" languagecode="1033" />
  </displayname>
  <introducedversion>1.0.0.0</introducedversion>
  <iscustomizable>1</iscustomizable>
  <isrequired>0</isrequired>
  <secretstore>0</secretstore>
  <type>100000000</type>
</environmentvariabledefinition>